timeStamp,elapsed,label,responseCode,responseMessage,threadName,dataType,success,failureMessage,bytes,sentBytes,grpThreads,allThreads,URL,Latency,IdleTime,Connect
1621018420830,492,HTTP Request,200,OK,Users 1-3,text,true,,367,155,14,14,http://localhost:5555/?token=467439066&user=1964658736&conf=3,492,0,3
1621018420832,490,HTTP Request,200,OK,Users 1-10,text,true,,367,155,14,14,http://localhost:5555/?token=467439066&user=1964658736&conf=3,490,0,1
1621018420832,499,HTTP Request,200,OK,Users 1-12,text,true,,367,155,14,14,http://localhost:5555/?token=467439066&user=1964658736&conf=3,499,0,1
1621018420832,500,HTTP Request,200,OK,Users 1-13,text,true,,367,155,14,14,http://localhost:5555/?token=467439066&user=1964658736&conf=3,500,0,1
1621018420832,500,HTTP Request,200,OK,Users 1-14,text,true,,367,155,14,14,http://localhost:5555/?token=467439066&user=1964658736&conf=3,500,0,2
1621018420832,500,HTTP Request,200,OK,Users 1-7,text,true,,367,155,14,14,http://localhost:5555/?token=467439066&user=1964658736&conf=3,500,0,1
1621018420831,514,HTTP Request,200,OK,Users 1-8,text,true,,367,155,14,14,http://localhost:5555/?token=467439066&user=1964658736&conf=3,514,0,3
1621018420831,514,HTTP Request,200,OK,Users 1-11,text,true,,367,155,14,14,http://localhost:5555/?token=467439066&user=1964658736&conf=3,514,0,3
1621018420831,518,HTTP Request,200,OK,Users 1-9,text,true,,367,155,14,14,http://localhost:5555/?token=467439066&user=1964658736&conf=3,518,0,3
1621018420830,520,HTTP Request,200,OK,Users 1-5,text,true,,367,155,14,14,http://localhost:5555/?token=467439066&user=1964658736&conf=3,520,0,4
1621018420830,520,HTTP Request,200,OK,Users 1-6,text,true,,367,155,14,14,http://localhost:5555/?token=467439066&user=1964658736&conf=3,520,0,4
1621018420831,525,HTTP Request,200,OK,Users 1-4,text,true,,367,155,14,14,http://localhost:5555/?token=467439066&user=1964658736&conf=3,525,0,3
1621018420830,548,HTTP Request,200,OK,Users 1-2,text,true,,367,155,14,14,http://localhost:5555/?token=467439066&user=1964658736&conf=3,548,0,4
1621018420831,547,HTTP Request,200,OK,Users 1-1,text,true,,367,155,14,14,http://localhost:5555/?token=467439066&user=1964658736&conf=3,547,0,3
1621018424330,392,HTTP Request,200,OK,Users 1-3,text,true,,367,155,14,14,http://localhost:5555/?token=467439066&user=1964658736&conf=3,392,0,0
1621018424330,396,HTTP Request,200,OK,Users 1-10,text,true,,367,155,14,14,http://localhost:5555/?token=467439066&user=1964658736&conf=3,396,0,0
1621018424346,447,HTTP Request,200,OK,Users 1-11,text,true,,367,155,14,14,http://localhost:5555/?token=467439066&user=1964658736&conf=3,447,0,0
1621018424346,447,HTTP Request,200,OK,Users 1-7,text,true,,367,155,14,14,http://localhost:5555/?token=467439066&user=1964658736&conf=3,447,0,0
1621018424346,447,HTTP Request,200,OK,Users 1-14,text,true,,367,155,14,14,http://localhost:5555/?token=467439066&user=1964658736&conf=3,447,0,0
1621018424346,447,HTTP Request,200,OK,Users 1-13,text,true,,367,155,14,14,http://localhost:5555/?token=467439066&user=1964658736&conf=3,447,0,0
1621018424346,453,HTTP Request,200,OK,Users 1-8,text,true,,367,155,14,14,http://localhost:5555/?token=467439066&user=1964658736&conf=3,453,0,0
1621018424346,453,HTTP Request,200,OK,Users 1-12,text,true,,367,155,14,14,http://localhost:5555/?token=467439066&user=1964658736&conf=3,453,0,0
1621018424362,437,HTTP Request,200,OK,Users 1-6,text,true,,367,155,14,14,http://localhost:5555/?token=467439066&user=1964658736&conf=3,437,0,0
1621018424362,437,HTTP Request,200,OK,Users 1-9,text,true,,367,155,14,14,http://localhost:5555/?token=467439066&user=1964658736&conf=3,437,0,0
1621018424362,442,HTTP Request,200,OK,Users 1-4,text,true,,367,155,14,14,http://localhost:5555/?token=467439066&user=1964658736&conf=3,442,0,0
1621018424393,411,HTTP Request,200,OK,Users 1-2,text,true,,367,155,14,14,http://localhost:5555/?token=467439066&user=1964658736&conf=3,411,0,0
1621018424393,411,HTTP Request,200,OK,Users 1-1,text,true,,367,155,14,14,http://localhost:5555/?token=467439066&user=1964658736&conf=3,411,0,0
1621018424362,442,HTTP Request,200,OK,Users 1-5,text,true,,367,155,14,14,http://localhost:5555/?token=467439066&user=1964658736&conf=3,442,0,0
1621018427737,399,HTTP Request,200,OK,Users 1-3,text,true,,367,155,14,14,http://localhost:5555/?token=467439066&user=1964658736&conf=3,399,0,0
1621018427737,404,HTTP Request,200,OK,Users 1-10,text,true,,367,155,14,14,http://localhost:5555/?token=467439066&user=1964658736&conf=3,404,0,0
1621018427800,487,HTTP Request,200,OK,Users 1-14,text,true,,367,155,14,14,http://localhost:5555/?token=467439066&user=1964658736&conf=3,487,0,0
1621018427800,501,HTTP Request,200,OK,Users 1-11,text,true,,367,155,14,14,http://localhost:5555/?token=467439066&user=1964658736&conf=3,501,0,0
1621018427800,501,HTTP Request,200,OK,Users 1-12,text,true,,367,155,14,14,http://localhost:5555/?token=467439066&user=1964658736&conf=3,501,0,0
1621018427800,501,HTTP Request,200,OK,Users 1-7,text,true,,367,155,14,14,http://localhost:5555/?token=467439066&user=1964658736&conf=3,501,0,0
1621018427800,501,HTTP Request,200,OK,Users 1-6,text,true,,367,155,14,14,http://localhost:5555/?token=467439066&user=1964658736&conf=3,501,0,0
1621018427800,509,HTTP Request,200,OK,Users 1-13,text,true,,367,155,14,14,http://localhost:5555/?token=467439066&user=1964658736&conf=3,509,0,0
1621018427800,514,HTTP Request,200,OK,Users 1-9,text,true,,367,155,14,14,http://localhost:5555/?token=467439066&user=1964658736&conf=3,514,0,0
1621018427800,514,HTTP Request,200,OK,Users 1-8,text,true,,367,155,14,14,http://localhost:5555/?token=467439066&user=1964658736&conf=3,514,0,0
1621018427815,500,HTTP Request,200,OK,Users 1-2,text,true,,367,155,14,14,http://localhost:5555/?token=467439066&user=1964658736&conf=3,500,0,0
1621018427815,500,HTTP Request,200,OK,Users 1-5,text,true,,367,155,14,14,http://localhost:5555/?token=467439066&user=1964658736&conf=3,500,0,0
1621018427815,500,HTTP Request,200,OK,Users 1-4,text,true,,367,155,14,14,http://localhost:5555/?token=467439066&user=1964658736&conf=3,500,0,0
1621018427815,500,HTTP Request,200,OK,Users 1-1,text,true,,367,155,14,14,http://localhost:5555/?token=467439066&user=1964658736&conf=3,500,0,0
1621018431150,448,HTTP Request,200,OK,Users 1-3,text,true,,367,155,14,14,http://localhost:5555/?token=467439066&user=1964658736&conf=3,448,0,0
1621018431150,448,HTTP Request,200,OK,Users 1-10,text,true,,367,155,14,14,http://localhost:5555/?token=467439066&user=1964658736&conf=3,448,0,0
1621018431293,485,HTTP Request,200,OK,Users 1-14,text,true,,367,155,14,14,http://localhost:5555/?token=467439066&user=1964658736&conf=3,485,0,0
1621018431309,469,HTTP Request,200,OK,Users 1-6,text,true,,367,155,14,14,http://localhost:5555/?token=467439066&user=1964658736&conf=3,469,0,0
1621018431309,1032,HTTP Request,200,OK,Users 1-12,text,false,"The operation lasted too long: It took 1 032 milliseconds, but should not have lasted longer than 710 milliseconds.",367,155,14,14,http://localhost:5555/?token=467439066&user=1964658736&conf=3,1032,0,0
1621018431324,1017,HTTP Request,200,OK,Users 1-5,text,false,"The operation lasted too long: It took 1 017 milliseconds, but should not have lasted longer than 710 milliseconds.",367,155,14,14,http://localhost:5555/?token=467439066&user=1964658736&conf=3,1017,0,0
1621018431324,1017,HTTP Request,200,OK,Users 1-2,text,false,"The operation lasted too long: It took 1 017 milliseconds, but should not have lasted longer than 710 milliseconds.",367,155,14,14,http://localhost:5555/?token=467439066&user=1964658736&conf=3,1017,0,0
1621018431324,1017,HTTP Request,200,OK,Users 1-13,text,false,"The operation lasted too long: It took 1 017 milliseconds, but should not have lasted longer than 710 milliseconds.",367,155,14,14,http://localhost:5555/?token=467439066&user=1964658736&conf=3,1017,0,0
1621018431324,1017,HTTP Request,200,OK,Users 1-4,text,false,"The operation lasted too long: It took 1 017 milliseconds, but should not have lasted longer than 710 milliseconds.",367,155,14,14,http://localhost:5555/?token=467439066&user=1964658736&conf=3,1017,0,0
1621018431324,1017,HTTP Request,200,OK,Users 1-9,text,false,"The operation lasted too long: It took 1 017 milliseconds, but should not have lasted longer than 710 milliseconds.",367,155,14,14,http://localhost:5555/?token=467439066&user=1964658736&conf=3,1017,0,0
1621018431324,1017,HTTP Request,200,OK,Users 1-1,text,false,"The operation lasted too long: It took 1 017 milliseconds, but should not have lasted longer than 710 milliseconds.",367,155,14,14,http://localhost:5555/?token=467439066&user=1964658736&conf=3,1017,0,0
1621018431309,1033,HTTP Request,200,OK,Users 1-7,text,false,"The operation lasted too long: It took 1 033 milliseconds, but should not have lasted longer than 710 milliseconds.",367,155,14,14,http://localhost:5555/?token=467439066&user=1964658736&conf=3,1033,0,0
1621018431309,1032,HTTP Request,200,OK,Users 1-11,text,false,"The operation lasted too long: It took 1 032 milliseconds, but should not have lasted longer than 710 milliseconds.",367,155,14,14,http://localhost:5555/?token=467439066&user=1964658736&conf=3,1032,0,0
1621018431324,1017,HTTP Request,200,OK,Users 1-8,text,false,"The operation lasted too long: It took 1 017 milliseconds, but should not have lasted longer than 710 milliseconds.",367,155,14,14,http://localhost:5555/?token=467439066&user=1964658736&conf=3,1017,0,0
1621018434605,452,HTTP Request,200,OK,Users 1-3,text,true,,367,155,14,14,http://localhost:5555/?token=467439066&user=1964658736&conf=3,452,0,0
1621018434605,452,HTTP Request,200,OK,Users 1-10,text,true,,367,155,14,14,http://localhost:5555/?token=467439066&user=1964658736&conf=3,452,0,0
1621018434779,408,HTTP Request,200,OK,Users 1-6,text,true,,367,155,14,14,http://localhost:5555/?token=467439066&user=1964658736&conf=3,408,0,0
1621018434779,408,HTTP Request,200,OK,Users 1-14,text,true,,367,155,14,14,http://localhost:5555/?token=467439066&user=1964658736&conf=3,408,0,0
1621018435343,409,HTTP Request,200,OK,Users 1-1,text,true,,367,155,14,14,http://localhost:5555/?token=467439066&user=1964658736&conf=3,409,0,0
1621018435343,416,HTTP Request,200,OK,Users 1-11,text,true,,367,155,14,14,http://localhost:5555/?token=467439066&user=1964658736&conf=3,416,0,0
1621018435343,416,HTTP Request,200,OK,Users 1-7,text,true,,367,155,14,14,http://localhost:5555/?token=467439066&user=1964658736&conf=3,416,0,0
1621018435343,416,HTTP Request,200,OK,Users 1-9,text,true,,367,155,14,14,http://localhost:5555/?token=467439066&user=1964658736&conf=3,416,0,0
1621018435343,416,HTTP Request,200,OK,Users 1-12,text,true,,367,155,14,14,http://localhost:5555/?token=467439066&user=1964658736&conf=3,416,0,0
1621018435343,416,HTTP Request,200,OK,Users 1-8,text,true,,367,155,14,14,http://localhost:5555/?token=467439066&user=1964658736&conf=3,416,0,0
1621018435343,455,HTTP Request,200,OK,Users 1-4,text,true,,367,155,14,14,http://localhost:5555/?token=467439066&user=1964658736&conf=3,455,0,0
1621018435343,457,HTTP Request,200,OK,Users 1-13,text,true,,367,155,14,14,http://localhost:5555/?token=467439066&user=1964658736&conf=3,457,0,0
1621018435343,462,HTTP Request,200,OK,Users 1-5,text,true,,367,155,14,14,http://localhost:5555/?token=467439066&user=1964658736&conf=3,462,0,0
1621018435343,462,HTTP Request,200,OK,Users 1-2,text,true,,367,155,14,14,http://localhost:5555/?token=467439066&user=1964658736&conf=3,462,0,0
1621018438063,400,HTTP Request,200,OK,Users 1-3,text,true,,367,155,14,14,http://localhost:5555/?token=467439066&user=1964658736&conf=3,400,0,0
1621018438063,400,HTTP Request,200,OK,Users 1-10,text,true,,367,155,14,14,http://localhost:5555/?token=467439066&user=1964658736&conf=3,400,0,0
1621018438189,398,HTTP Request,200,OK,Users 1-14,text,true,,367,155,14,14,http://localhost:5555/?token=467439066&user=1964658736&conf=3,398,0,0
1621018438189,398,HTTP Request,200,OK,Users 1-6,text,true,,367,155,14,14,http://localhost:5555/?token=467439066&user=1964658736&conf=3,398,0,0
1621018438766,406,HTTP Request,200,OK,Users 1-11,text,true,,367,155,14,14,http://localhost:5555/?token=467439066&user=1964658736&conf=3,406,0,0
1621018438766,408,HTTP Request,200,OK,Users 1-7,text,true,,367,155,14,14,http://localhost:5555/?token=467439066&user=1964658736&conf=3,408,0,0
1621018438766,420,HTTP Request,200,OK,Users 1-9,text,true,,367,155,14,14,http://localhost:5555/?token=467439066&user=1964658736&conf=3,420,0,0
1621018438766,420,HTTP Request,200,OK,Users 1-8,text,true,,367,155,14,14,http://localhost:5555/?token=467439066&user=1964658736&conf=3,420,0,0
1621018438766,422,HTTP Request,200,OK,Users 1-12,text,true,,367,155,14,14,http://localhost:5555/?token=467439066&user=1964658736&conf=3,422,0,0
1621018438766,422,HTTP Request,200,OK,Users 1-1,text,true,,367,155,14,14,http://localhost:5555/?token=467439066&user=1964658736&conf=3,422,0,0
1621018438812,414,HTTP Request,200,OK,Users 1-13,text,true,,367,155,14,14,http://localhost:5555/?token=467439066&user=1964658736&conf=3,414,0,0
1621018438812,414,HTTP Request,200,OK,Users 1-2,text,true,,367,155,14,14,http://localhost:5555/?token=467439066&user=1964658736&conf=3,414,0,0
1621018438812,416,HTTP Request,200,OK,Users 1-5,text,true,,367,155,14,14,http://localhost:5555/?token=467439066&user=1964658736&conf=3,416,0,0
1621018438812,420,HTTP Request,200,OK,Users 1-4,text,true,,367,155,14,14,http://localhost:5555/?token=467439066&user=1964658736&conf=3,420,0,0
1621018441474,428,HTTP Request,200,OK,Users 1-3,text,true,,367,155,14,14,http://localhost:5555/?token=467439066&user=1964658736&conf=3,428,0,0
1621018441474,429,HTTP Request,200,OK,Users 1-10,text,true,,367,155,14,14,http://localhost:5555/?token=467439066&user=1964658736&conf=3,429,0,0
1621018441599,411,HTTP Request,200,OK,Users 1-6,text,true,,367,155,14,14,http://localhost:5555/?token=467439066&user=1964658736&conf=3,411,0,0
1621018441599,412,HTTP Request,200,OK,Users 1-14,text,true,,367,155,14,14,http://localhost:5555/?token=467439066&user=1964658736&conf=3,412,0,0
1621018442176,436,HTTP Request,200,OK,Users 1-7,text,true,,367,155,14,14,http://localhost:5555/?token=467439066&user=1964658736&conf=3,436,0,0
1621018442176,453,HTTP Request,200,OK,Users 1-11,text,true,,367,155,14,14,http://localhost:5555/?token=467439066&user=1964658736&conf=3,453,0,0
1621018442192,465,HTTP Request,200,OK,Users 1-1,text,true,,367,155,14,14,http://localhost:5555/?token=467439066&user=1964658736&conf=3,465,0,0
1621018442192,471,HTTP Request,200,OK,Users 1-8,text,true,,367,155,14,14,http://localhost:5555/?token=467439066&user=1964658736&conf=3,471,0,0
1621018442192,471,HTTP Request,200,OK,Users 1-12,text,true,,367,155,14,14,http://localhost:5555/?token=467439066&user=1964658736&conf=3,471,0,0
1621018442192,472,HTTP Request,200,OK,Users 1-9,text,true,,367,155,14,14,http://localhost:5555/?token=467439066&user=1964658736&conf=3,472,0,0
1621018442239,457,HTTP Request,200,OK,Users 1-4,text,true,,367,155,14,14,http://localhost:5555/?token=467439066&user=1964658736&conf=3,457,0,0
1621018442239,457,HTTP Request,200,OK,Users 1-13,text,true,,367,155,14,14,http://localhost:5555/?token=467439066&user=1964658736&conf=3,457,0,0
1621018442239,457,HTTP Request,200,OK,Users 1-5,text,true,,367,155,14,14,http://localhost:5555/?token=467439066&user=1964658736&conf=3,457,0,0
1621018442239,457,HTTP Request,200,OK,Users 1-2,text,true,,367,155,14,14,http://localhost:5555/?token=467439066&user=1964658736&conf=3,457,0,0
1621018444913,406,HTTP Request,200,OK,Users 1-3,text,true,,367,155,14,14,http://localhost:5555/?token=467439066&user=1964658736&conf=3,406,0,0
1621018444913,406,HTTP Request,200,OK,Users 1-10,text,true,,367,155,14,14,http://localhost:5555/?token=467439066&user=1964658736&conf=3,406,0,0
1621018445021,447,HTTP Request,200,OK,Users 1-6,text,true,,367,155,14,14,http://localhost:5555/?token=467439066&user=1964658736&conf=3,447,0,0
1621018445022,446,HTTP Request,200,OK,Users 1-14,text,true,,367,155,14,14,http://localhost:5555/?token=467439066&user=1964658736&conf=3,446,0,0
1621018445617,408,HTTP Request,200,OK,Users 1-7,text,true,,367,155,14,14,http://localhost:5555/?token=467439066&user=1964658736&conf=3,408,0,0
1621018445632,425,HTTP Request,200,OK,Users 1-11,text,true,,367,155,14,14,http://localhost:5555/?token=467439066&user=1964658736&conf=3,425,0,0
1621018445664,402,HTTP Request,200,OK,Users 1-1,text,true,,367,155,14,14,http://localhost:5555/?token=467439066&user=1964658736&conf=3,402,0,0
1621018445664,431,HTTP Request,200,OK,Users 1-9,text,true,,367,155,14,14,http://localhost:5555/?token=467439066&user=1964658736&conf=3,431,0,0
1621018445664,431,HTTP Request,200,OK,Users 1-8,text,true,,367,155,14,14,http://localhost:5555/?token=467439066&user=1964658736&conf=3,431,0,0
1621018445664,434,HTTP Request,200,OK,Users 1-12,text,true,,367,155,14,14,http://localhost:5555/?token=467439066&user=1964658736&conf=3,434,0,0
1621018445699,436,HTTP Request,200,OK,Users 1-13,text,true,,367,155,14,14,http://localhost:5555/?token=467439066&user=1964658736&conf=3,436,0,0
1621018445699,437,HTTP Request,200,OK,Users 1-5,text,true,,367,155,14,14,http://localhost:5555/?token=467439066&user=1964658736&conf=3,437,0,0
1621018445699,441,HTTP Request,200,OK,Users 1-2,text,true,,367,155,14,14,http://localhost:5555/?token=467439066&user=1964658736&conf=3,441,0,0
1621018445699,443,HTTP Request,200,OK,Users 1-4,text,true,,367,155,14,14,http://localhost:5555/?token=467439066&user=1964658736&conf=3,443,0,0
1621018448334,410,HTTP Request,200,OK,Users 1-10,text,true,,367,155,14,14,http://localhost:5555/?token=467439066&user=1964658736&conf=3,410,0,0
1621018448334,425,HTTP Request,200,OK,Users 1-3,text,true,,367,155,14,14,http://localhost:5555/?token=467439066&user=1964658736&conf=3,425,0,0
1621018448476,418,HTTP Request,200,OK,Users 1-6,text,true,,367,155,14,14,http://localhost:5555/?token=467439066&user=1964658736&conf=3,418,0,0
1621018448476,421,HTTP Request,200,OK,Users 1-14,text,true,,367,155,14,14,http://localhost:5555/?token=467439066&user=1964658736&conf=3,421,0,0
1621018449039,401,HTTP Request,200,OK,Users 1-7,text,true,,367,155,14,14,http://localhost:5555/?token=467439066&user=1964658736&conf=3,401,0,0
1621018449071,414,HTTP Request,200,OK,Users 1-1,text,true,,367,155,14,14,http://localhost:5555/?token=467439066&user=1964658736&conf=3,414,0,0
1621018449071,414,HTTP Request,200,OK,Users 1-11,text,true,,367,155,14,14,http://localhost:5555/?token=467439066&user=1964658736&conf=3,414,0,0
1621018449103,495,HTTP Request,200,OK,Users 1-9,text,true,,367,155,14,14,http://localhost:5555/?token=467439066&user=1964658736&conf=3,495,0,0
1621018449103,502,HTTP Request,200,OK,Users 1-8,text,true,,367,155,14,14,http://localhost:5555/?token=467439066&user=1964658736&conf=3,502,0,0
1621018449103,502,HTTP Request,200,OK,Users 1-12,text,true,,367,155,14,14,http://localhost:5555/?token=467439066&user=1964658736&conf=3,502,0,0
1621018449150,455,HTTP Request,200,OK,Users 1-13,text,true,,367,155,14,14,http://localhost:5555/?token=467439066&user=1964658736&conf=3,455,0,0
1621018449150,456,HTTP Request,200,OK,Users 1-5,text,true,,367,155,14,14,http://localhost:5555/?token=467439066&user=1964658736&conf=3,456,0,0
1621018449150,457,HTTP Request,200,OK,Users 1-4,text,true,,367,155,14,14,http://localhost:5555/?token=467439066&user=1964658736&conf=3,457,0,0
1621018449150,464,HTTP Request,200,OK,Users 1-2,text,true,,367,155,14,14,http://localhost:5555/?token=467439066&user=1964658736&conf=3,464,0,0
1621018451751,438,HTTP Request,200,OK,Users 1-10,text,true,,367,155,14,14,http://localhost:5555/?token=467439066&user=1964658736&conf=3,438,0,0
1621018451767,469,HTTP Request,200,OK,Users 1-3,text,true,,367,155,13,13,http://localhost:5555/?token=467439066&user=1964658736&conf=3,469,0,0
1621018451909,505,HTTP Request,200,OK,Users 1-6,text,true,,367,155,12,12,http://localhost:5555/?token=467439066&user=1964658736&conf=3,505,0,0
1621018451909,519,HTTP Request,200,OK,Users 1-14,text,true,,367,155,11,11,http://localhost:5555/?token=467439066&user=1964658736&conf=3,519,0,0
1621018452488,518,HTTP Request,200,OK,Users 1-1,text,true,,367,155,10,10,http://localhost:5555/?token=467439066&user=1964658736&conf=3,518,0,0
1621018452442,565,HTTP Request,200,OK,Users 1-7,text,true,,367,155,9,9,http://localhost:5555/?token=467439066&user=1964658736&conf=3,565,0,0
1621018452488,519,HTTP Request,200,OK,Users 1-11,text,true,,367,155,9,9,http://localhost:5555/?token=467439066&user=1964658736&conf=3,519,0,0
1621018452598,424,HTTP Request,200,OK,Users 1-9,text,true,,367,155,7,7,http://localhost:5555/?token=467439066&user=1964658736&conf=3,424,0,0
1621018452613,476,HTTP Request,200,OK,Users 1-2,text,true,,367,155,6,6,http://localhost:5555/?token=467439066&user=1964658736&conf=3,476,0,0
1621018452613,476,HTTP Request,200,OK,Users 1-4,text,true,,367,155,6,6,http://localhost:5555/?token=467439066&user=1964658736&conf=3,476,0,0
1621018452613,477,HTTP Request,200,OK,Users 1-13,text,true,,367,155,4,4,http://localhost:5555/?token=467439066&user=1964658736&conf=3,477,0,0
1621018452613,478,HTTP Request,200,OK,Users 1-12,text,true,,367,155,3,3,http://localhost:5555/?token=467439066&user=1964658736&conf=3,478,0,0
1621018452613,480,HTTP Request,200,OK,Users 1-8,text,true,,367,155,2,2,http://localhost:5555/?token=467439066&user=1964658736&conf=3,480,0,0
1621018452613,483,HTTP Request,200,OK,Users 1-5,text,true,,367,155,1,1,http://localhost:5555/?token=467439066&user=1964658736&conf=3,483,0,0
